"Time";"st-2-tikv-0";"st-2-tikv-1";"st-2-tikv-2"
"2020-07-30T22:30:00+08:00";0.29844444444450285;0.3477777777777391;0.21933333333322547
"2020-07-30T22:31:00+08:00";0.3313333333334002;0.3688888888886883;0.2564444444446013
"2020-07-30T22:32:00+08:00";0.34400000000014164;0.3708888888889616;0.2504444444443468
"2020-07-30T22:33:00+08:00";0.34266666666686973;0.41688888888909564;0.26622222222189834
"2020-07-30T22:34:00+08:00";0.3495555555555487;0.39244444444440457;0.26866666666641664
"2020-07-30T22:35:00+08:00";0.34733333333317346;0.3795555555556321;0.2568888888890817
"2020-07-30T22:36:00+08:00";0.5968888888886602;0.6377777777779181;0.3557777777777416
"2020-07-30T22:37:00+08:00";1.7959999999999456;1.5611111111109162;1.149333333332955
"2020-07-30T22:38:00+08:00";2.6588888888889133;2.160444444444111;1.8964444444447155
"2020-07-30T22:39:00+08:00";3.568000000000164;2.997777777777728;2.494444444444502
"2020-07-30T22:40:00+08:00";4.614222222222289;3.6844444444442264;3.3613333333335875
"2020-07-30T22:41:00+08:00";5.488222222222283;4.379555555555738;4.012222222222148
"2020-07-30T22:42:00+08:00";4.4968888888890755;4.932554056756971;5.115333333333338
"2020-07-30T22:43:00+08:00";7.5522222222218724;4.735111111110932;4.252222222222159
"2020-07-30T22:44:00+08:00";4.438444444444057;5.88822222222206;5.66911111111087
"2020-07-30T22:45:00+08:00";6.991111111111407;4.989333333333201;4.524222222222053
"2020-07-30T22:46:00+08:00";5.0242222222223205;5.053333333333285;5.456888888889024
"2020-07-30T22:47:00+08:00";6.695333333333161;3.9468888888890503;3.8124444444442918
"2020-07-30T22:48:00+08:00";3.829555555555501;3.4437777777779406;3.890222222222236
"2020-07-30T22:49:00+08:00";4.079777777778008;3.373555555555632;6.48911111111123
"2020-07-30T22:50:00+08:00";4.228666666666779;4.05955555555498;4.999777777777585
"2020-07-30T22:51:00+08:00";3.636444444444132;2.9504444444443068;3.4291111111111596
"2020-07-30T22:52:00+08:00";3.346888888889132;3.648222222222116;3.6577777777779636
"2020-07-30T22:53:00+08:00";3.769777777777879;2.98977777777772;3.3940000000004376
"2020-07-30T22:54:00+08:00";3.072222222222415;4.290222222222478;3.6551111111111596
"2020-07-30T22:55:00+08:00";3.528444444444387;3.160888888888963;3.578666666666676
"2020-07-30T22:56:00+08:00";3.2240000000002085;3.777999999999857;3.2106666666672035
"2020-07-30T22:57:00+08:00";3.892222222222289;2.8026666666667057;3.058222222222526
"2020-07-30T22:58:00+08:00";4.084666666666555;3.8197777777779502;3.1631111111114625
"2020-07-30T22:59:00+08:00";3.2333333333330816;3.1484444444444555;3.9097777777775726
"2020-07-30T23:00:00+08:00";3.9904444444444174;2.4097777777777964;2.4031111111109427
"2020-07-30T23:01:00+08:00";4.126222222221887;2.5357777777781374;2.251555555555253
"2020-07-30T23:02:00+08:00";4.6506666666665755;3.1344444444441795;2.955777777777865
"2020-07-30T23:03:00+08:00";3.953777777777967;3.4499999999997755;2.372666666666848
"2020-07-30T23:04:00+08:00";4.131555555555523;3.469999999999986;2.898444444444683
"2020-07-30T23:05:00+08:00";3.585777777777593;3.6233333333333255;2.9284444444444246
"2020-07-30T23:06:00+08:00";3.784888888888795;3.8433333333335;3.0775555555557257
"2020-07-30T23:07:00+08:00";3.855111111110922;3.3717777777774858;3.1302222222221685
"2020-07-30T23:08:00+08:00";3.788222222222373;4.012222222222341;3.238444444444657
"2020-07-30T23:09:00+08:00";3.801640036444827;3.2411111111111595;3.2037777777782095
"2020-07-30T23:10:00+08:00";3.7428888888890253;3.9957777777778567;3.0762222222225857
"2020-07-30T23:11:00+08:00";4.208222222222448;3.588666666666606;3.5082222222217725
"2020-07-30T23:12:00+08:00";4.471999999999897;4.642222222222008;3.5771111111109493
"2020-07-30T23:13:00+08:00";4.860888888889155;3.1613333333333364;3.7659999999998703
"2020-07-30T23:14:00+08:00";7.77000000000004;3.7924444444446275;4.071555555555318
"2020-07-30T23:15:00+08:00";3.5419999999998795;4.537333333333452;3.5853333333336312
"2020-07-30T23:16:00+08:00";4.775777777778101;7.3679999999999355;3.911333333333701
"2020-07-30T23:17:00+08:00";5.0555555555554745;5.937999999999901;5.367999999999839
"2020-07-30T23:18:00+08:00";5.5651111111107765;5.498000000000201;4.04688888888902
"2020-07-30T23:19:00+08:00";3.0662222222221702;4.780888888888687;4.125555555555609
"2020-07-30T23:20:00+08:00";3.1762222222222265;5.642666666666896;3.063555555555564
"2020-07-30T23:21:00+08:00";2.9960000000003455;4.474888888888831;2.4833333333332774
"2020-07-30T23:22:00+08:00";2.737111111111048;5.334222222222232;2.5411111111111864
"2020-07-30T23:23:00+08:00";2.6988888888888116;4.292888888888787;2.7831111111110896
"2020-07-30T23:24:00+08:00";2.4864444444444342;3.7644444444447513;2.196222222222253
"2020-07-30T23:25:00+08:00";2.3111111111112157;3.757777777777726;2.2391111111111957
"2020-07-30T23:26:00+08:00";2.4171111111108305;2.5799999999997545;1.8437777777778732
"2020-07-30T23:27:00+08:00";1.713111111111078;2.249555555555685;2.2406666666665744
"2020-07-30T23:28:00+08:00";1.5793333333337567;1.6724444444444753;1.2715555555553115
"2020-07-30T23:29:00+08:00";1.1820000000000965;1.3617777777777742;1.2997777777780062
"2020-07-30T23:30:00+08:00";0.6899999999997932;0.8266666666668433;0.7455555555556277
"2020-07-30T23:31:00+08:00";0.32377777777798095;0.3440000000001158;0.2457777777781777
"2020-07-30T23:32:00+08:00";0.31799999999957984;0.3784444444446445;0.2539999999997921
"2020-07-30T23:33:00+08:00";0.3206666666667782;0.38911111111100755;0.2684444444445069
"2020-07-30T23:34:00+08:00";0.3348888888890692;0.37044444444426344;0.2580000000002249
"2020-07-30T23:35:00+08:00";0.36044444444446017;0.41177777777767355;0.2737777777778264
"2020-07-30T23:36:00+08:00";0.5422222222223405;0.7166666666668159;0.4097777777778906
"2020-07-30T23:37:00+08:00";1.3075555555556049;1.6435555555554204;1.368666666666716
"2020-07-30T23:38:00+08:00";1.8435555555552436;2.35266666666675;2.2233333333333856
"2020-07-30T23:39:00+08:00";2.5733333333335198;3.234666666666715;3.2402222222222137
"2020-07-30T23:40:00+08:00";2.9666666666667223;3.6713333333331475;3.9537777777780323
"2020-07-30T23:41:00+08:00";4.799111111110979;4.678888888888447;4.677777777778092
"2020-07-30T23:42:00+08:00";4.522888888888839;4.613777777777671;5.731999999999952
"2020-07-30T23:43:00+08:00";5.894222222222065;5.257555555555552;5.391333333333592
"2020-07-30T23:44:00+08:00";4.793555555555808;3.7786666666669695;4.685111111110705
"2020-07-30T23:45:00+08:00";6.812666666666679;4.940888888888706;5.550222222221948
"2020-07-30T23:46:00+08:00";4.412222222221946;4.630444444444462;4.72022222222234
"2020-07-30T23:47:00+08:00";6.391777777777904;4.316444444444465;5.868222222221986
"2020-07-30T23:48:00+08:00";3.769111111111137;3.4877777777777617;2.6108888888887716
"2020-07-30T23:49:00+08:00";5.386222222221859;4.705777777777915;3.5995555555554564
"2020-07-30T23:50:00+08:00";3.202888888888847;4.115777777777747;2.6004444444444026
"2020-07-30T23:51:00+08:00";2.7631111111109585;3.768888888888834;1.932666666666743
"2020-07-30T23:52:00+08:00";2.5399999999999454;3.8137777777778217;1.9902222222224224
"2020-07-30T23:53:00+08:00";2.6746666666665035;4.937111111110987;2.5711111111113154
"2020-07-30T23:54:00+08:00";2.835777777777712;4.377333333333263;2.75133333333296
"2020-07-30T23:55:00+08:00";2.4235555555556965;4.461555555555776;2.8742222222222216
"2020-07-30T23:56:00+08:00";2.8424444444443675;4.562888888888644;3.0055555555555293
"2020-07-30T23:57:00+08:00";3.341111111111026;2.9957777777778256;3.5877777777779793
"2020-07-30T23:58:00+08:00";2.6733333333336424;4.146888888888575;3.31355555555552
"2020-07-30T23:59:00+08:00";2.8944444444443964;3.4144444444441313;3.265111111111117
"2020-07-31T00:00:00+08:00";2.7591111111110203;3.2988888888887016;3.3255555555556184
"2020-07-31T00:01:00+08:00";2.2377777777775902;4.391999999999778;2.383111111111022
"2020-07-31T00:02:00+08:00";2.8546666666668403;3.6911111111106565;2.506222222222068
"2020-07-31T00:03:00+08:00";2.2944444444442205;4.170222222222319;2.2391111111114146
"2020-07-31T00:04:00+08:00";2.840666666666958;4.099555555555545;2.9455555555558637
"2020-07-31T00:05:00+08:00";2.318222222222565;3.513999999999907;2.429777777777696
"2020-07-31T00:06:00+08:00";2.11799999999981;3.9044444444446653;2.053999999999979
"2020-07-31T00:07:00+08:00";2.2553333333329557;4.086222222222218;2.028222222222336
"2020-07-31T00:08:00+08:00";2.6611111111111816;4.883111111110891;2.6664444444443918
"2020-07-31T00:09:00+08:00";2.215111111111128;4.087777777777939;1.8739999999998875
"2020-07-31T00:10:00+08:00";1.926222222222354;4.0342222222224535;1.8093333333332047
"2020-07-31T00:11:00+08:00";2.0038223071625674;4.371999999999949;1.7724444444448855
"2020-07-31T00:12:00+08:00";2.7037777777774945;5.623333333333075;2.6995555555553095
"2020-07-31T00:13:00+08:00";2.4539999999999487;5.266888888888747;2.250888888889074
"2020-07-31T00:14:00+08:00";2.5415555555556715;5.440888888888629;2.5371111111111406
"2020-07-31T00:15:00+08:00";2.42866666666683;5.2935555555553835;2.422222222222327
"2020-07-31T00:16:00+08:00";3.2411111111110067;6.8877777777780285;3.409777777778182
"2020-07-31T00:17:00+08:00";2.735999999999801;5.133555555555646;2.4744444444445106
"2020-07-31T00:18:00+08:00";3.5262222222225654;6.945999999999997;3.499777777778145
"2020-07-31T00:19:00+08:00";3.5573333333333292;6.3466666666668115;3.9180000000001365
"2020-07-31T00:20:00+08:00";3.808000000000107;6.129333333333449;4.586666666666758
"2020-07-31T00:21:00+08:00";3.9391111111112163;5.435333333333407;3.891777777778032
"2020-07-31T00:22:00+08:00";3.6435555555560173;2.6975555555554047;3.45777777777763
"2020-07-31T00:23:00+08:00";3.9233333333334315;2.6942222222223235;2.1191111111112635
"2020-07-31T00:24:00+08:00";4.491111111111142;2.916000000000213;2.3308888888889086
"2020-07-31T00:25:00+08:00";3.639999999999871;2.6380000000000954;2.450888888888899
"2020-07-31T00:26:00+08:00";2.9724444444445246;2.44533333333307;1.7320000000000544
"2020-07-31T00:27:00+08:00";2.643111111110894;2.0779999999999546;1.5780000000000427
"2020-07-31T00:28:00+08:00";1.6404444444444253;1.6971111111113033;1.1475555555555104
"2020-07-31T00:29:00+08:00";1.3013333333335444;1.3519999999998038;0.8891111111111711
"2020-07-31T00:30:00+08:00";0.8584444444444206;0.825333333333516;0.5988888888890647
"2020-07-31T00:31:00+08:00";0.3351111111113267;0.37266666666691817;0.25866666666666477
"2020-07-31T00:32:00+08:00";0.31511111111116863;0.36288888888899395;0.2464444444445454
"2020-07-31T00:33:00+08:00";0.3553333333333435;0.38644444444450204;0.268000000000214
"2020-07-31T00:34:00+08:00";0.34888888888895153;0.4026666666663689;0.26511111111139524
"2020-07-31T00:35:00+08:00";0.3664444444442061;0.41222222222222266;0.28688888888861047
"2020-07-31T00:36:00+08:00";0.6362222222219979;0.6833333333330905;0.3511111111110997
"2020-07-31T00:37:00+08:00";1.6779999999999533;1.5673333333333541;0.9544444444444753
"2020-07-31T00:38:00+08:00";2.5746666666667704;2.319333333333425;1.4235555555557082
"2020-07-31T00:39:00+08:00";3.6468888888891806;3.1506666666668286;2.063777777777727
"2020-07-31T00:40:00+08:00";4.168444444444413;3.593777777777803;2.335111111111126
"2020-07-31T00:41:00+08:00";5.028888888889134;4.601999999999783;3.012000000000403
"2020-07-31T00:42:00+08:00";3.786222222222377;4.997555555555804;3.64844444444461
"2020-07-31T00:43:00+08:00";6.023999999999717;5.03200000000015;4.091111111110829
"2020-07-31T00:44:00+08:00";4.292000000000092;5.299777777777641;5.159111111110823
"2020-07-31T00:45:00+08:00";5.360000000000363;5.777111111111248;3.774666666666466
"2020-07-31T00:46:00+08:00";5.108000000000155;4.436888888888717;5.439333333333055
"2020-07-31T00:47:00+08:00";3.613333333333425;5.733333333333211;3.3091111111111946
"2020-07-31T00:48:00+08:00";3.901999999999667;4.349333333333328;4.043333333333395
"2020-07-31T00:49:00+08:00";3.982222222222345;3.741111111111218;4.499777777777277
"2020-07-31T00:50:00+08:00";4.1688888888887785;2.5648888888886248;2.348444444444425
"2020-07-31T00:51:00+08:00";4.828000000000002;3.201555555555702;2.7151111111110264
"2020-07-31T00:52:00+08:00";4.3486666666665625;3.3373333333332424;3.011333333333305
"2020-07-31T00:53:00+08:00";3.6208888888891297;2.9300000000001596;2.06800000000042
"2020-07-31T00:54:00+08:00";3.9231111111109302;2.2355555555554467;1.9380000000002608
"2020-07-31T00:55:00+08:00";5.503333333333472;2.869111111111208;2.502888888888861
"2020-07-31T00:56:00+08:00";5.30577777777765;3.19622222222204;2.400444444444371
"2020-07-31T00:57:00+08:00";4.930444444444387;3.438000000000007;2.528000000000303
"2020-07-31T00:58:00+08:00";4.470888888889159;3.147111111111353;2.6822222222223453
"2020-07-31T00:59:00+08:00";2.948222222222111;4.407777777777987;2.7104444444441746
"2020-07-31T01:00:00+08:00";4.349111111111189;3.3582222222224307;2.9742222222221733
"2020-07-31T01:01:00+08:00";3.6011111111110647;3.576444444444578;3.1442222222221456
"2020-07-31T01:02:00+08:00";3.6411111111109937;3.8737777777777804;3.2164444444443183
"2020-07-31T01:03:00+08:00";4.055333333333399;3.228666666666778;2.9351111111111963
"2020-07-31T01:04:00+08:00";3.405111111111145;4.106444444444434;3.1051111111110874
"2020-07-31T01:05:00+08:00";4.2517777777778125;2.964444444444614;2.7955555555555867
"2020-07-31T01:06:00+08:00";2.9933333333332746;4.287555555555492;3.0319999999997553
"2020-07-31T01:07:00+08:00";3.8168888888891037;2.7415555555555478;3.2564444444444103
"2020-07-31T01:08:00+08:00";3.343333333333166;3.8366666666666545;2.9682222222219794
"2020-07-31T01:09:00+08:00";3.4455555555554875;2.906888888889017;3.2740000000000196
"2020-07-31T01:10:00+08:00";3.8704444444447113;3.896222222222412;2.826666666666706
"2020-07-31T01:11:00+08:00";3.6468888888892335;3.605777777777756;3.1633333333330733
"2020-07-31T01:12:00+08:00";5.475333333333466;4.373777777777518;3.6566666666667715
"2020-07-31T01:13:00+08:00";4.254888888888984;5.220444444444354;4.47444444444452
"2020-07-31T01:14:00+08:00";7.2002222222225045;4.802222222222099;5.048000000000188
"2020-07-31T01:15:00+08:00";4.1397777777778675;5.399777777777829;4.56466666666646
"2020-07-31T01:16:00+08:00";6.185777777778084;4.466222222222087;6.6113333333332225
"2020-07-31T01:17:00+08:00";5.353333333333433;5.983333333333616;3.993111111111016
"2020-07-31T01:18:00+08:00";5.554888888889212;4.6900000000000635;6.632666666666736
"2020-07-31T01:19:00+08:00";6.078666666666836;5.204444444444447;4.113999999999679
"2020-07-31T01:20:00+08:00";3.5415555555555884;3.4386666666667787;4.761999999999766
"2020-07-31T01:21:00+08:00";2.88888888888876;2.6248888888889783;4.3651111111114025
"2020-07-31T01:22:00+08:00";3.466666666666913;3.6104444444444876;5.6164444444446975
"2020-07-31T01:23:00+08:00";3.3855555555554893;3.833333333333373;3.626666666666474
"2020-07-31T01:24:00+08:00";3.24222222222223;3.4451111111111614;3.265111111110989
"2020-07-31T01:25:00+08:00";2.2975555555556237;2.757333333333458;2.8131111111111173
"2020-07-31T01:26:00+08:00";2.1188888888888013;2.256000000000001;3.2597777777776438
"2020-07-31T01:27:00+08:00";1.7848888888886274;2.404666666666686;2.217777777777513
"2020-07-31T01:28:00+08:00";1.4853333333331824;1.9226666666670071;1.5373333333331558
"2020-07-31T01:29:00+08:00";1.0477777777777237;1.2875555555552005;1.3337777777779714
"2020-07-31T01:30:00+08:00";0.7022222222219184;0.8624444444442911;0.7466666666665067
"2020-07-31T01:31:00+08:00";0.3168888888889012;0.36400000000015875;0.25955555555570137
"2020-07-31T01:32:00+08:00";0.31688888888903527;0.3528888888888483;0.2537777777779311
"2020-07-31T01:33:00+08:00";0.31377777777778115;0.3588888888891422;0.2635555555558477
"2020-07-31T01:34:00+08:00";0.3306666666664367;0.36911111111104644;0.25755555555533793
"2020-07-31T01:35:00+08:00";0.33888888888852764;0.37377777777770804;0.2624444444445415
"2020-07-31T01:36:00+08:00";0.5506666666666356;0.7317777777780252;0.40600000000016123
"2020-07-31T01:37:00+08:00";1.3177777777775905;1.759555555555626;1.4579999999998003
"2020-07-31T01:38:00+08:00";1.822222222222281;2.4628888888888527;2.1975555555552746
"2020-07-31T01:39:00+08:00";2.44422222222222;3.4239999999998667;3.2784444444448053
"2020-07-31T01:40:00+08:00";2.795777777777612;3.8513333333330015;3.8120000000002108
"2020-07-31T01:41:00+08:00";3.842222222222065;3.9231111111109707;4.232666666666801
"2020-07-31T01:42:00+08:00";4.7122222222223975;4.949333333333451;3.463333333333455
"2020-07-31T01:43:00+08:00";3.59911111111091;5.314888888889004;4.655555555555339
"2020-07-31T01:44:00+08:00";4.002000000000112;3.484444444444582;5.38622222222218
"2020-07-31T01:45:00+08:00";4.357555555555819;4.76244444444452;6.831999999999829
"2020-07-31T01:46:00+08:00";5.055555555555159;3.5126666666663646;3.5051111111114523
"2020-07-31T01:47:00+08:00";4.177999999999895;3.6460000000001207;3.3619999999999624
"2020-07-31T01:48:00+08:00";3.981333333333463;4.408444444444854;2.9751111111109254
"2020-07-31T01:49:00+08:00";6.356888888888823;5.5382222222222115;3.7611111111112776
"2020-07-31T01:50:00+08:00";3.3251111111112586;3.672888888889107;3.411333333332974
"2020-07-31T01:51:00+08:00";3.397777777778177;3.6220000000001704;3.3571111111108767
"2020-07-31T01:52:00+08:00";3.0442222222223303;2.9464444444441784;2.9060000000000112
"2020-07-31T01:53:00+08:00";3.2408888888890015;3.1442222222221994;4.75977777777744
"2020-07-31T01:54:00+08:00";3.5788888888889003;3.846444444444807;2.989111111111208
"2020-07-31T01:55:00+08:00";2.8819999999999837;3.1144444444448487;3.815999999999898
"2020-07-31T01:56:00+08:00";2.8255555555554985;3.3195555555555023;2.67355555555554
"2020-07-31T01:57:00+08:00";3.1815555555557204;4.4842222222222095;2.712222222222044
"2020-07-31T01:58:00+08:00";3.5262222222224584;3.7622222222221464;3.3673333333331685
"2020-07-31T01:59:00+08:00";3.2517777777776558;3.7722222222221884;4.0497777777778925
"2020-07-31T02:00:00+08:00";3.9391111111109613;3.71733333333367;3.083111111111354
"2020-07-31T02:01:00+08:00";3.007111111111107;3.6042222222226004;3.8357777777781927
"2020-07-31T02:02:00+08:00";3.9557777777774423;3.74600000000016;3.1875555555558774
"2020-07-31T02:03:00+08:00";2.9833333333330576;3.867555555555488;3.656888888888668
"2020-07-31T02:04:00+08:00";3.7155555555553588;3.5404444444442675;3.2202075629631413
"2020-07-31T02:05:00+08:00";2.8815555555555874;3.6155555555554915;3.6690964518518445
"2020-07-31T02:06:00+08:00";3.747777777777808;3.5068888888891663;3.833111111111074
"2020-07-31T02:07:00+08:00";2.933333333333661;3.9431111111108565;2.7735555555555766
"2020-07-31T02:08:00+08:00";3.53600000000003;3.529777777777968;3.6808888888891294
"2020-07-31T02:09:00+08:00";3.063333333333502;3.8968888888887596;3.1164444444442823
"2020-07-31T02:10:00+08:00";3.5379999999998253;3.661555555555336;3.744888888889097
"2020-07-31T02:11:00+08:00";2.9802222222222348;3.927555555555382;3.199555555555551
"2020-07-31T02:12:00+08:00";3.4842222222223467;3.9464444444446483;3.225777777777803
"2020-07-31T02:13:00+08:00";3.5339999999999976;6.073333333333082;2.745333333333549
"2020-07-31T02:14:00+08:00";4.559999999999965;5.371555555555261;4.576222222221959
"2020-07-31T02:15:00+08:00";5.90022222222242;5.1179999999999;4.54755555555573
"2020-07-31T02:16:00+08:00";4.668444444444383;5.718444444444377;4.573777777778004
"2020-07-31T02:17:00+08:00";5.282222222222264;3.89266666666678;4.247555555555681
"2020-07-31T02:18:00+08:00";6.1653333333333125;4.539999999999937;4.3611111111113345
"2020-07-31T02:19:00+08:00";3.958222222222258;3.2884444444442322;4.937111111111091
"2020-07-31T02:20:00+08:00";4.508222222222141;4.633555555555736;5.332222222221969
"2020-07-31T02:21:00+08:00";3.946666666666358;4.218000000000018;3.564000000000001
"2020-07-31T02:22:00+08:00";3.470444444444498;2.694444444444801;3.797333333333292
"2020-07-31T02:23:00+08:00";2.27488888888927;2.2348888888885066;3.9377777777776153
"2020-07-31T02:24:00+08:00";2.631555555555412;2.069111111110965;3.9748888888888767
"2020-07-31T02:25:00+08:00";2.0862222222223643;1.767777777777723;3.2422222222222548
"2020-07-31T02:26:00+08:00";2.070888888889043;1.7700000000001395;3.292666666666709
"2020-07-31T02:27:00+08:00";1.9688888888888847;1.499555555555404;2.490000000000358
"2020-07-31T02:28:00+08:00";1.7684444444445166;1.3297777777776867;1.9859999999997777
"2020-07-31T02:29:00+08:00";1.221555555555626;0.9828888888885726;1.285333333333051
"2020-07-31T02:30:00+08:00";0.7897777777778993;0.729111111111199;0.7968888888890601
"2020-07-31T02:31:00+08:00";0.3128888888889706;0.34688888888865155;0.24822222222227117
"2020-07-31T02:32:00+08:00";0.34733333333319266;0.3742222222219534;0.27111111111109665
"2020-07-31T02:33:00+08:00";0.3115555555556354;0.3500000000000205;0.24777777777776014
"2020-07-31T02:34:00+08:00";0.36155555555541674;0.39755555555559435;0.2895555555556674
"2020-07-31T02:35:00+08:00";0.34222222222235815;0.39600000000006197;0.28199999999975606
"2020-07-31T02:36:00+08:00";0.6117777777776032;0.5931111111110341;0.4079999999999856
"2020-07-31T02:37:00+08:00";1.6339999999998551;1.2895555555557594;1.589333333333312
"2020-07-31T02:38:00+08:00";2.3617777777776423;1.7919999999997016;2.5075555555556415
"2020-07-31T02:39:00+08:00";2.834444444444289;1.9999999999995786;3.3337777777779793
"2020-07-31T02:40:00+08:00";3.7802222222223305;2.6473333333330267;4.309999999999972
"2020-07-31T02:41:00+08:00";4.438444444444554;3.9286666666666834;5.747999999999872
"2020-07-31T02:42:00+08:00";4.946888888888804;4.399555555555593;5.48155555555578
"2020-07-31T02:43:00+08:00";4.276095024333734;2.8253333333330954;4.198000000000001
"2020-07-31T02:44:00+08:00";3.9191111111115076;3.269333333333508;4.932666666666695
"2020-07-31T02:45:00+08:00";4.065111111110974;3.467555555555508;4.439555555555694
"2020-07-31T02:46:00+08:00";5.3939999999998;4.629333333333283;3.692222222222126
"2020-07-31T02:47:00+08:00";6.2164444444448055;4.680444444444428;4.723555555555876
"2020-07-31T02:48:00+08:00";5.2446666666668325;5.686222222222099;4.313999999999926
"2020-07-31T02:49:00+08:00";4.276222222222074;3.561777777777734;4.2755555555554565
"2020-07-31T02:50:00+08:00";3.103777777777964;2.75622222222184;4.505555555555585
"2020-07-31T02:51:00+08:00";3.4159999999998774;3.314222222222099;4.478222222222038
"2020-07-31T02:52:00+08:00";3.075111111111463;3.4860000000000606;3.460444444444818
"2020-07-31T02:53:00+08:00";3.778222222222206;3.1373333333335838;3.5395555555555784
"2020-07-31T02:54:00+08:00";2.822666666666833;3.722666666666786;2.9704444444448255
"2020-07-31T02:55:00+08:00";4.091333333333099;2.839555555555605;3.093333333333699
"2020-07-31T02:56:00+08:00";3.786222222222482;2.3928888888889084;2.467111111111191
"2020-07-31T02:57:00+08:00";5.195333333333176;2.8157777777780404;2.718888888889109
"2020-07-31T02:58:00+08:00";3.581333333333654;3.08088888888904;3.7211111111111563
"2020-07-31T02:59:00+08:00";3.8766666666663725;3.316222222222025;2.9637777777775143
"2020-07-31T03:00:00+08:00";3.2833333333335935;3.240888888889054;3.467999999999683
"2020-07-31T03:01:00+08:00";3.7748888888891674;3.545777777777668;3.293999999999853
"2020-07-31T03:02:00+08:00";3.728444444444357;2.1971111111109303;2.7773333333334125
"2020-07-31T03:03:00+08:00";5.213333333333165;3.080000000000184;2.5266666666666064
"2020-07-31T03:04:00+08:00";3.2353333333333727;3.5906666666663636;3.1846666666667813
"2020-07-31T03:05:00+08:00";4.785999999999909;3.3324444444443393;2.8788888888886683
"2020-07-31T03:06:00+08:00";3.7195555555552806;4.013333333333411;2.984666666666777
"2020-07-31T03:07:00+08:00";4.098000000000009;3.7306666666667834;2.998888888889264
"2020-07-31T03:08:00+08:00";3.8151111111114444;3.687999999999597;2.8651111111108665
"2020-07-31T03:09:00+08:00";3.6013333333336526;3.9428888888891045;2.8906666666667475
"2020-07-31T03:10:00+08:00";4.19288888888904;3.7357777777777574;2.7633333333329153
"2020-07-31T03:11:00+08:00";3.7535555555555824;3.8222222222223263;3.3268888888891324
"2020-07-31T03:12:00+08:00";3.9140000000004895;3.752888888888657;2.587777777778087
"2020-07-31T03:13:00+08:00";6.1442222222222735;3.77222222222243;3.5828888888890087
"2020-07-31T03:14:00+08:00";4.527333333333209;4.836888888888921;3.030666666666925
"2020-07-31T03:15:00+08:00";5.442888888888913;5.870000000000121;3.3646666666666447
"2020-07-31T03:16:00+08:00";4.438666666666335;4.352888888889103;3.8488888888886943
"2020-07-31T03:17:00+08:00";3.646222222222446;4.836888888888885;3.994666666666756
"2020-07-31T03:18:00+08:00";4.069999999999927;4.836444444444302;3.4080000000002353
"2020-07-31T03:19:00+08:00";5.697111111111152;3.5215555555558637;3.583031488189465
"2020-07-31T03:20:00+08:00";4.746222222222274;4.545555555555852;4.406222222222488
"2020-07-31T03:21:00+08:00";3.6255555555555907;4.842222222222092;2.3917777777777465
"2020-07-31T03:22:00+08:00";4.040888888888908;4.18288888888883;3.7722222222224415
"2020-07-31T03:23:00+08:00";3.8559999999997925;3.347555555555561;2.7048888888887435
"2020-07-31T03:24:00+08:00";2.794666666666488;3.3488888888889012;3.863777777777927
"2020-07-31T03:25:00+08:00";3.137777777777956;2.776444444444236;2.619111111110824
"2020-07-31T03:26:00+08:00";2.3731111111106853;2.635777777777789;1.964444444444561
"2020-07-31T03:27:00+08:00";1.6731111111108397;1.9519999999999724;2.242666666666402
"2020-07-31T03:28:00+08:00";1.4184444444443944;1.9626666666668409;1.5835555555556564
"2020-07-31T03:29:00+08:00";0.993777777777736;1.254888888888458;1.1488888888889854
"2020-07-31T03:30:00+08:00";0.7164444444446626;0.8722222222223388;0.7755555555554853
"2020-07-31T03:31:00+08:00";0.32355555555560334;0.3491111111112004;0.24933333333318877
"2020-07-31T03:32:00+08:00";0.33844444444465505;0.3677777777778613;0.2542222222222219
"2020-07-31T03:33:00+08:00";0.33777777777775814;0.37355555555589287;0.2626666666665797
"2020-07-31T03:34:00+08:00";0.34555555555576534;0.37066666666682113;0.2704444444442938
"2020-07-31T03:35:00+08:00";0.34555555555554907;0.3762222222220266;0.2671111111109489
"2020-07-31T03:36:00+08:00";0.5384444444445834;0.7302222222220999;0.3913333333331838
"2020-07-31T03:37:00+08:00";1.3264444444442567;1.7304444444443288;1.3899999999999557
"2020-07-31T03:38:00+08:00";1.9937777777780985;2.5764444444444643;2.290444444444473
"2020-07-31T03:39:00+08:00";2.49822222222178;3.3344444444444465;3.089333333333205
"2020-07-31T03:40:00+08:00";3.1151111111107834;4.2244444444446785;3.8924444444440214
"2020-07-31T03:41:00+08:00";4.657777777777681;4.685111111111004;4.8286666666665585
"2020-07-31T03:42:00+08:00";5.498222222221965;5.191111111111328;4.721777777777832
"2020-07-31T03:43:00+08:00";5.035111111111395;5.581111111111104;6.375111111110769
"2020-07-31T03:44:00+08:00";6.059690215337984;5.036222222222307;4.542444444444463
"2020-07-31T03:45:00+08:00";4.689555555555517;5.754222222222524;6.218000000000043
"2020-07-31T03:46:00+08:00";5.9186666666668595;5.039111111111289;4.756000000000255
"2020-07-31T03:47:00+08:00";4.756888888888942;5.478222222222103;6.536888888888928
"2020-07-31T03:48:00+08:00";5.916444444444515;5.316888888888806;4.408222222221933
"2020-07-31T03:49:00+08:00";3.44066666666686;3.7940000000000453;5.641333333333194
"2020-07-31T03:50:00+08:00";3.045111111111061;2.842444444444511;5.093333333333338
"2020-07-31T03:51:00+08:00";2.4457777777776073;2.3879999999998622;3.809111111111568
"2020-07-31T03:52:00+08:00";2.6288888888891186;2.6388888888888973;4.08533333333324
"2020-07-31T03:53:00+08:00";2.492222222221918;2.6626666666667593;3.599777777778
"2020-07-31T03:54:00+08:00";2.4171111111112933;2.565942979045421;3.919555555555466
"2020-07-31T03:55:00+08:00";3.0188888888887453;3.0813333333337454;4.698666666666739
"2020-07-31T03:56:00+08:00";2.819111111111151;3.01666666666675;4.226222222221873
"2020-07-31T03:57:00+08:00";2.3235555555557252;2.685555555555563;3.710888888888773
"2020-07-31T03:58:00+08:00";2.2517777777776566;2.195777777777653;3.9582222222223793
"2020-07-31T03:59:00+08:00";3.238666666666306;2.915555555555596;4.8913333333332885
"2020-07-31T04:00:00+08:00";3.42866666666675;2.88666666666694;4.030222222222113
"2020-07-31T04:01:00+08:00";4.1397777777774465;3.2642222222218717;3.2057777777777616
"2020-07-31T04:02:00+08:00";3.3695555555555115;3.135555555555413;3.8900000000002386
"2020-07-31T04:03:00+08:00";4.301333333333248;3.2617777777780024;3.3200000000000904
"2020-07-31T04:04:00+08:00";3.080666666666604;2.8324444444439894;3.38733333333352
"2020-07-31T04:05:00+08:00";3.7800000000000282;3.7257777777777172;3.1273333333333833
"2020-07-31T04:06:00+08:00";3.5911111111111924;2.4175555555557446;3.494444444444238
"2020-07-31T04:07:00+08:00";4.283777777777897;3.332222222222568;3.2242222222218975
"2020-07-31T04:08:00+08:00";3.4986666666665847;3.1771111111110564;4.011111111111338
"2020-07-31T04:09:00+08:00";4.554666666666447;3.142222222222248;3.507111111111207
"2020-07-31T04:10:00+08:00";3.24777777777758;3.5904444444448314;3.820888888888808
"2020-07-31T04:11:00+08:00";4.004444444445275;2.328222222222033;2.6628888888889968
"2020-07-31T04:12:00+08:00";4.726222222221992;2.308222222222622;1.9997777777776622
"2020-07-31T04:13:00+08:00";7.257555555555337;3.3784444444447645;3.0271111111109157
"2020-07-31T04:14:00+08:00";7.629555555555624;3.697333333333271;3.6204444444444177
"2020-07-31T04:15:00+08:00";7.318000000000066;3.8099999999996292;3.370666666666498
"2020-07-31T04:16:00+08:00";6.175111111111546;3.7244444444445297;2.9722222222223507
"2020-07-31T04:17:00+08:00";3.547111111110986;5.2297777777779135;2.930444444444328
"2020-07-31T04:18:00+08:00";3.551555555555489;5.032222222222478;3.2582222222221895
"2020-07-31T04:19:00+08:00";3.512222222221681;6.961999999999919;3.028666666666634
"2020-07-31T04:20:00+08:00";4.28666666666704;5.555333333333294;4.493555555555819
"2020-07-31T04:21:00+08:00";4.547333333333244;4.6326666666666805;2.8806666666667025
"2020-07-31T04:22:00+08:00";3.300444444444588;4.597111111111168;4.0875555555557765
"2020-07-31T04:23:00+08:00";4.186222222222467;3.390444444444388;3.3864444444446358
"2020-07-31T04:24:00+08:00";3.578444444444298;3.590444444444215;2.5893333333331574
"2020-07-31T04:25:00+08:00";2.5577777777777704;2.9446666666662877;2.376666666666557
"2020-07-31T04:26:00+08:00";2.9177777777780425;2.4477777777779326;1.7108888888888216
"2020-07-31T04:27:00+08:00";1.9708888888886429;2.0519999999998944;1.5037777777779127
"2020-07-31T04:28:00+08:00";1.775333333333406;1.7160000000000115;1.207999999999823
"2020-07-31T04:29:00+08:00";1.3271111111108815;1.2804444444442182;0.9164444444443133
"2020-07-31T04:30:00+08:00";0.7997777777777835;0.9020000000002807;0.6260000000001404
"2020-07-31T04:31:00+08:00";0.33977777777771884;0.3584444444441719;0.2522222222218841
"2020-07-31T04:32:00+08:00";0.3515555555553391;0.40177777777788054;0.26933333333328763
"2020-07-31T04:33:00+08:00";0.35355555555536194;0.36422222222243084;0.2575555555554218
"2020-07-31T04:34:00+08:00";0.36200000000030946;0.40111111111098685;0.2682222222223165
"2020-07-31T04:35:00+08:00";0.32888888888898604;0.3886666666666796;0.26200000000027623
"2020-07-31T04:36:00+08:00";0.6206666666670287;0.7546666666666599;0.35577777777781777
"2020-07-31T04:37:00+08:00";1.5302222222218806;1.686000000000116;1.0677777777779278
"2020-07-31T04:38:00+08:00";2.4222222222223966;2.724666666666944;1.6213333333331976
"2020-07-31T04:39:00+08:00";3.129333333333481;3.2719999999998213;2.204444444444453
"2020-07-31T04:40:00+08:00";3.9428888888887905;4.331555555556011;2.842000000000021
"2020-07-31T04:41:00+08:00";4.073999999999802;3.9348888888884535;2.9657777777776135
"2020-07-31T04:42:00+08:00";6.9026666666666445;4.390666666666769;4.5951111111111285
"2020-07-31T04:43:00+08:00";5.232444444444466;5.540888888888829;6.245111111110869
"2020-07-31T04:44:00+08:00";5.51666666666686;3.594888888889255;4.068444444444414
"2020-07-31T04:45:00+08:00";5.264888888888837;3.0831111111112866;3.0742222222223887
"2020-07-31T04:46:00+08:00";7.8004444444446515;3.7197777777774332;3.4048888888889604
"2020-07-31T04:47:00+08:00";5.904444444444434;4.5811111111111416;4.603333333333312
"2020-07-31T04:48:00+08:00";5.810000000000448;3.91688888888931;5.310444444444641
"2020-07-31T04:49:00+08:00";4.055111111111327;4.010222222222222;2.870666666666918
"2020-07-31T04:50:00+08:00";4.0153333333330545;4.897777777777788;2.678444444444228
"2020-07-31T04:51:00+08:00";3.5659999999997907;3.719333333333273;3.4971111111107875
"2020-07-31T04:52:00+08:00";3.866222222221902;3.534888888888874;2.5948888888891495
"2020-07-31T04:53:00+08:00";3.250666666666471;3.4408888888891282;3.049333333333125
"2020-07-31T04:54:00+08:00";3.645555555555712;3.4804444444445224;2.9035555555558026
"2020-07-31T04:55:00+08:00";3.859555555555502;3.3720000000002748;2.3064444444445624
"2020-07-31T04:56:00+08:00";2.5946666666665665;3.987999999999705;2.3486666666664444
"2020-07-31T04:57:00+08:00";2.5411111111113964;4.0784444444445285;1.941777777777956
"2020-07-31T04:58:00+08:00";2.27599999999957;4.094666666666437;1.9028888888890478
"2020-07-31T04:59:00+08:00";2.0764444444441956;4.052444444444668;1.7886666666665942
"2020-07-31T05:00:00+08:00";2.2259999999999187;4.458888888888896;1.8866666666667125
"2020-07-31T05:01:00+08:00";2.617333333333108;5.24911111111105;2.3542222222221394
"2020-07-31T05:02:00+08:00";2.2244444444447007;4.409777777777948;2.063111111111165
"2020-07-31T05:03:00+08:00";1.9668888888887097;4.085555555555646;1.7595555555552531
"2020-07-31T05:04:00+08:00";2.079555555555357;4.30244444444487;1.7824444444443206
"2020-07-31T05:05:00+08:00";2.6333333333338107;5.198222222222327;2.3935555555555226
"2020-07-31T05:06:00+08:00";2.634000000000213;3.985333333333162;1.8833333333332252
"2020-07-31T05:07:00+08:00";3.2526666666666455;4.67933333333355;2.3704444444447392
"2020-07-31T05:08:00+08:00";3.1293333333331663;4.003777777777628;2.2764444444444347
"2020-07-31T05:09:00+08:00";4.016444444444498;3.0382222222223905;3.2057777777777847
"2020-07-31T05:10:00+08:00";2.280888888888869;3.792222222222138;1.9639999999999849
"2020-07-31T05:11:00+08:00";3.537777777777953;4.931111111111032;2.5553333333330537
"2020-07-31T05:12:00+08:00";4.087333333333275;4.563111111110984;3.6573333333334532
"2020-07-31T05:13:00+08:00";3.9457777777777454;4.509111111111035;4.048888888888952
"2020-07-31T05:14:00+08:00";4.724888888889244;4.4206666666666194;3.0913333333336857
"2020-07-31T05:15:00+08:00";7.6711111111117845;4.209777777777651;4.4060000000004225
"2020-07-31T05:16:00+08:00";5.944666666666949;5.555555555555563;5.117333333333281
"2020-07-31T05:17:00+08:00";4.47688888888914;4.390888888889094;4.201111111110906
"2020-07-31T05:18:00+08:00";3.462444444444425;2.5695555555552634;4.392888888888548
"2020-07-31T05:19:00+08:00";5.249999999999807;3.7386666666668833;6.895555555555967
"2020-07-31T05:20:00+08:00";3.291999999999912;3.550222222222214;4.473111111111264
"2020-07-31T05:21:00+08:00";3.141333333333371;3.0775555555554863;6.26088888888872
"2020-07-31T05:22:00+08:00";2.660444444444368;2.8255555555557264;4.050000000000014
"2020-07-31T05:23:00+08:00";2.3735555555554324;2.3839999999999915;4.520666666666743
"2020-07-31T05:24:00+08:00";2.121999999999945;2.1726666666667804;3.6440000000000996
"2020-07-31T05:25:00+08:00";2.183111111111035;2.0864444444445835;3.748666666666781
"2020-07-31T05:26:00+08:00";2.1844444444448103;1.9677777777779162;3.3804444444445796
"2020-07-31T05:27:00+08:00";1.8515555555558352;1.4686666666668977;2.3882222222219873
"2020-07-31T05:28:00+08:00";1.5471111111110758;1.2686666666666653;1.9711111111111472
"2020-07-31T05:29:00+08:00";1.1817777777779488;0.9975555555556447;1.3426666666671987
"2020-07-31T05:30:00+08:00";0.7953333333332508;0.752888888888843;0.8702222222223834
"2020-07-31T05:31:00+08:00";0.30688888888908233;0.3471111111112372;0.24333333333326349
"2020-07-31T05:32:00+08:00";0.3153333333333422;0.35577777777787956;0.2471111111112889
"2020-07-31T05:33:00+08:00";0.3164444444447627;0.35688888888856446;0.26733333333334025
"2020-07-31T05:34:00+08:00";0.33511111111089775;0.3788888888886792;0.26466666666668887
"2020-07-31T05:35:00+08:00";0.33866666666648965;0.38444444444449116;0.2677777777777817
"2020-07-31T05:36:00+08:00";0.5884444444442676;0.5946666666665075;0.4111111111109341
"2020-07-31T05:37:00+08:00";1.4408888888889992;1.203777777778111;1.4735555555558315
"2020-07-31T05:38:00+08:00";2.344666666666757;1.8035555555555762;2.70911111111093
"2020-07-31T05:39:00+08:00";2.8295555555556327;2.130222222222202;3.3342222222221864
"2020-07-31T05:40:00+08:00";2.9875555555554483;2.1875555555554342;3.9455555555554933
"2020-07-31T05:41:00+08:00";3.131333333333428;2.359555555555757;4.246666666666816
"2020-07-31T05:42:00+08:00";3.505333333333275;3.459333333333181;7.279333333333638
"2020-07-31T05:43:00+08:00";3.3719999999997703;4.18711111111094;5.615111111110663
"2020-07-31T05:44:00+08:00";4.143777777777949;5.23688888888888;5.412666666666777
"2020-07-31T05:45:00+08:00";4.093111111111204;2.9211111111110033;3.6715555555556048
"2020-07-31T05:46:00+08:00";4.816888888888876;4.996888888889348;7.255555555555967
"2020-07-31T05:47:00+08:00";3.314666666666475;5.000222222222295;3.4782222222225267
"2020-07-31T05:48:00+08:00";4.5764444444446175;6.778444444444836;5.087777777777703
"2020-07-31T05:49:00+08:00";5.64933333333343;5.0073333333332535;5.164666666666698
"2020-07-31T05:50:00+08:00";3.6235555555559538;4.204666666666552;5.04066666666659
"2020-07-31T05:51:00+08:00";3.434000000000057;3.4826666666661703;2.794222222222514
"2020-07-31T05:52:00+08:00";3.3891111111108674;3.7302222222220323;3.6257777777777647
"2020-07-31T05:53:00+08:00";2.889999999999824;3.194222222222385;3.2140000000000954
"2020-07-31T05:54:00+08:00";2.711777777778096;2.9277777777776772;4.619777777777719
"2020-07-31T05:55:00+08:00";3.7271111111110793;3.704222222221809;3.312888888889208
"2020-07-31T05:56:00+08:00";3.229999999999753;3.15422222222191;3.5219999999999767
"2020-07-31T05:57:00+08:00";3.1788888888890314;4.072666666666499;3.5619999999999123
"2020-07-31T05:58:00+08:00";3.170666666667061;2.8871111111108;3.2377777777778425
"2020-07-31T05:59:00+08:00";2.384444444444551;3.547333333333168;3.0599999999998624
"2020-07-31T06:00:00+08:00";2.440222222222667;4.533333333333314;2.2715555555557088
"2020-07-31T06:01:00+08:00";2.4597777777778314;3.6493333333335816;2.2040000000000286
"2020-07-31T06:02:00+08:00";2.2931111111106515;4.515999999999958;2.156888888888766
"2020-07-31T06:03:00+08:00";2.942222222222573;4.667777777777566;2.7546666666669615
"2020-07-31T06:04:00+08:00";2.564444444444624;3.5457777777777895;1.908666666666511
"2020-07-31T06:05:00+08:00";2.0268888888895895;3.9702222222217602;1.9171111111111667
"2020-07-31T06:06:00+08:00";2.228888888888804;4.401777777778162;1.9015555555553671
"2020-07-31T06:07:00+08:00";2.0844444444445096;4.1282222222219715;1.9735555555556026
"2020-07-31T06:08:00+08:00";2.150444444444401;4.4062222222221035;1.845111111110987
"2020-07-31T06:09:00+08:00";2.7742222222223805;5.34177777777792;2.4613333333331195
"2020-07-31T06:10:00+08:00";2.5142222222224695;4.865111111111029;2.4515555555554207
"2020-07-31T06:11:00+08:00";2.158666666666201;4.022000000000129;1.8868888888889497
"2020-07-31T06:12:00+08:00";2.331777777777853;4.950000000000308;1.9848888888891423
"2020-07-31T06:13:00+08:00";3.7182222222221;7.425333333333228;3.328666666666744
"2020-07-31T06:14:00+08:00";3.289777777777495;6.108444444444549;3.3413333333331425
"2020-07-31T06:15:00+08:00";6.116444444444697;5.200000000000205;5.3446666666667255
"2020-07-31T06:16:00+08:00";4.474222222222008;3.6146666666664076;3.627999999999937
"2020-07-31T06:17:00+08:00";4.868444444444826;4.584444444444638;7.330888888888738
"2020-07-31T06:18:00+08:00";6.5415555555557034;5.433555555555355;4.42644444444459
"2020-07-31T06:19:00+08:00";3.271333333333463;4.244888888888988;4.815333333333101
"2020-07-31T06:20:00+08:00";2.6080000000005734;4.86244444444466;2.6248888888886515
"2020-07-31T06:21:00+08:00";3.7964444444442687;5.894444444444657;3.5000000000001275
"2020-07-31T06:22:00+08:00";3.523555555555387;4.707999999999952;3.7377777777776746
"2020-07-31T06:23:00+08:00";2.9291111111114323;3.869111111111532;3.407555555555544
"2020-07-31T06:24:00+08:00";2.548666666666354;3.3788888888890636;2.2891111111113043
"2020-07-31T06:25:00+08:00";2.3799999999999146;3.9335555555554276;1.905333333332896
"2020-07-31T06:26:00+08:00";2.270444444444333;3.0055555555559743;2.1684444444443796
"2020-07-31T06:27:00+08:00";1.6999999999997595;2.170222222222305;2.1551111111113914
"2020-07-31T06:28:00+08:00";1.3902222222223304;1.7437777777779055;1.751111111110843
"2020-07-31T06:29:00+08:00";0.9899999999998649;1.390000000000021;1.0799999999997707
"2020-07-31T06:30:00+08:00";0.7146666666666649;0.9046666666665498;0.7671111111111002
"2020-07-31T06:31:00+08:00";0.3568888888889311;0.386666666666919;0.2562222222218633
"2020-07-31T06:32:00+08:00";0.3460000000002568;0.3751111111109055;0.2579999999998503
"2020-07-31T06:33:00+08:00";0.35622222222221334;0.4171111111109376;0.2831111111111114
"2020-07-31T06:34:00+08:00";0.38822222222197295;0.42799999999979005;0.28977777777791974
"2020-07-31T06:35:00+08:00";0.3680000000000184;0.40133333333316806;0.2788888888887919
"2020-07-31T06:36:00+08:00";0.5671111111112432;0.789999999999946;0.40599999999995884
"2020-07-31T06:37:00+08:00";1.2455555555557618;1.7188888888887828;1.3288888888885966
"2020-07-31T06:38:00+08:00";1.836444444444446;2.6431111111111587;2.1100000000000527
"2020-07-31T06:39:00+08:00";2.2888888888889976;3.3631111111109178;2.8731111111109278
"2020-07-31T06:40:00+08:00";2.9106666666665832;4.370888888889053;3.89977777777738
"2020-07-31T06:41:00+08:00";3.88555555555545;4.636991933153904;4.259999999999861
"2020-07-31T06:42:00+08:00";4.059777777777616;4.394888888888514;3.7993333333333257
"2020-07-31T06:43:00+08:00";2.747111111111324;5.031111111110999;2.5666666666665114
"2020-07-31T06:44:00+08:00";2.8408888888892894;5.300444444444432;2.4304444444444124
"2020-07-31T06:45:00+08:00";2.9737777777780807;5.705555555554956;2.4033333333331948
"2020-07-31T06:46:00+08:00";2.9437777777777354;5.418444444444481;2.7047267717058663
"2020-07-31T06:47:00+08:00";2.6364444444444386;5.476444444444509;2.3335555555555163
"2020-07-31T06:48:00+08:00";3.980888888888847;7.734444444444602;3.5655555555555885
"2020-07-31T06:49:00+08:00";3.8513333333333546;6.811111111111483;3.543333333333397
"2020-07-31T06:50:00+08:00";3.3633333333332307;5.616666666666751;2.8386666666665383
"2020-07-31T06:51:00+08:00";3.0802222222227513;3.997777777777994;2.281111111111123
"2020-07-31T06:52:00+08:00";4.292444444444158;3.4751111111107833;3.2468888888884986
"2020-07-31T06:53:00+08:00";3.301555555555696;3.611333333333601;2.773333333333469
"2020-07-31T06:54:00+08:00";3.008222222222014;4.3155555555552185;2.2271111111110904
"2020-07-31T06:55:00+08:00";4.085333333333391;2.7713333333332435;1.9677777777777643
"2020-07-31T06:56:00+08:00";4.8582222222221185;3.4760000000000804;2.334666666666766
"2020-07-31T06:57:00+08:00";3.6868888888889213;3.4862222222219;3.4146666666665797
"2020-07-31T06:58:00+08:00";3.9951111111111484;3.6284444444446273;2.8415555555555616
"2020-07-31T06:59:00+08:00";3.5933333333334505;3.3731111111108643;2.793555555555684
"2020-07-31T07:00:00+08:00";4.389111111110694;2.8522222222222946;2.7642222222225037
"2020-07-31T07:01:00+08:00";3.6320000000002564;3.71244444444436;2.3971111111110175
"2020-07-31T07:02:00+08:00";4.929999999999881;2.5611111111111198;2.213111111111342
"2020-07-31T07:03:00+08:00";3.617777777777638;3.6288888888888975;2.4568888888887295
"2020-07-31T07:04:00+08:00";4.802888888888856;2.8886666666665755;2.185333333333157
"2020-07-31T07:05:00+08:00";4.12155555555566;3.526222222222092;2.8700000000000445
"2020-07-31T07:06:00+08:00";3.664000000000403;3.8304444444444052;2.6648888888888504
"2020-07-31T07:07:00+08:00";3.9706666666670953;3.2817777777775246;3.500888888888808
"2020-07-31T07:08:00+08:00";3.8619999999998393;3.7333333333331247;2.986666666666624
"2020-07-31T07:09:00+08:00";3.7020000000000954;3.6151111111109326;3.107555555555551
"2020-07-31T07:10:00+08:00";3.868222222222259;3.417333333333257;3.0113333333333485
"2020-07-31T07:11:00+08:00";3.6597777777779097;4.11377777777755;3.057111111110801
"2020-07-31T07:12:00+08:00";4.927111111111025;3.8891111111112817;3.6711111111111414
"2020-07-31T07:13:00+08:00";4.277999999999733;5.155333333333445;4.131777777777482
"2020-07-31T07:14:00+08:00";6.050444444444772;3.74911111111143;4.329333333333154
"2020-07-31T07:15:00+08:00";3.8739999999997057;4.033777777777806;3.1942222222219954
"2020-07-31T07:16:00+08:00";3.2435555555558353;4.784666666666461;2.8055555555554714
"2020-07-31T07:17:00+08:00";4.877777777778165;6.363111111111024;5.084666666666505
"2020-07-31T07:18:00+08:00";3.700666666666425;4.854444444444298;3.146888888888898
"2020-07-31T07:19:00+08:00";4.397999999999873;6.793333333333335;4.506222222222
"2020-07-31T07:20:00+08:00";4.646888888888878;4.320444444444255;3.9813333333335112
"2020-07-31T07:21:00+08:00";4.805555555555481;3.141777777777812;3.237777777777896
"2020-07-31T07:22:00+08:00";3.0562222222221904;2.9951111111108113;3.221111111111183
"2020-07-31T07:23:00+08:00";3.3375555555557415;2.8448888888886787;5.3640000000002095
"2020-07-31T07:24:00+08:00";3.327111111111299;3.0853333333331836;2.5084444444446814
"2020-07-31T07:25:00+08:00";3.069111111111042;2.778888888889261;2.7579999999999543
"2020-07-31T07:26:00+08:00";2.670666666666644;2.672888888888867;2.2453333333336847
"2020-07-31T07:27:00+08:00";2.3137777777773003;1.9808888888887426;1.969777777777708
"2020-07-31T07:28:00+08:00";1.910888888889339;1.6895555555554145;1.4031111111113086
"2020-07-31T07:29:00+08:00";1.25688888888886;1.3682222222220668;0.9137777777779094
"2020-07-31T07:30:00+08:00";0.804222222222154;0.8708888888889069;0.6253333333333035
"2020-07-31T07:31:00+08:00";0.33533333333339727;0.36777777777814874;0.24688888888892688
"2020-07-31T07:32:00+08:00";0.3408888888887011;0.3804444444445695;0.26488888888900264
"2020-07-31T07:33:00+08:00";0.33399999999978414;0.3757777777776702;0.25555555555533094
"2020-07-31T07:34:00+08:00";0.3400000000001602;0.3837777777779466;0.26088888888894834
"2020-07-31T07:35:00+08:00";0.35111111111078314;0.3975555555552142;0.2651111111111723
"2020-07-31T07:36:00+08:00";0.6420000000000204;0.750666666666652;0.3795555555558589
"2020-07-31T07:37:00+08:00";1.6077777777777837;1.6893333333334548;1.0664444444447068
"2020-07-31T07:38:00+08:00";2.561555555554962;2.653777777778133;1.7233333333334386
"2020-07-31T07:39:00+08:00";3.1982222222222245;3.2724444444447354;2.179111111110789
"2020-07-31T07:40:00+08:00";3.804444444444348;3.9253333333335982;2.7019999999996047
"2020-07-31T07:41:00+08:00";3.8988888888893025;5.072222222222419;2.9840000000002274
"2020-07-31T07:42:00+08:00";3.6655555555557133;4.019777777777804;4.252444444444141
"2020-07-31T07:43:00+08:00";3.1433333333328313;3.3746666666664544;5.786222222222245
"2020-07-31T07:44:00+08:00";3.9495555555556017;3.9231111111110106;6.281943024754364
"2020-07-31T07:45:00+08:00";3.085555555555887;4.49288888888872;4.283333333333371
"2020-07-31T07:46:00+08:00";2.930888888888933;4.772222222222057;4.336666666666861
"2020-07-31T07:47:00+08:00";3.305555555555126;5.51755555555558;3.7606666666668587
"2020-07-31T07:48:00+08:00";3.652666666666443;5.040222222222056;2.975111111110881
"2020-07-31T07:49:00+08:00";3.0628888888889674;4.977111111111244;3.1433333333332865
"2020-07-31T07:50:00+08:00";3.4586666666665167;5.587777777777849;3.2017777777779854
"2020-07-31T07:51:00+08:00";3.462666666666767;3.7082222222221675;2.6684444444445012
"2020-07-31T07:52:00+08:00";3.7486666666667086;3.8904444444443347;2.6973333333333125
"2020-07-31T07:53:00+08:00";2.5528888888887638;3.5175555555554077;2.499111111111126
"2020-07-31T07:54:00+08:00";3.248222222222217;4.754222222221995;2.5184444444445107
"2020-07-31T07:55:00+08:00";3.4351111111111683;3.6517777777777285;3.011333333333695
"2020-07-31T07:56:00+08:00";4.476222222222177;3.4579999999999727;3.023333333333062
"2020-07-31T07:57:00+08:00";3.4377777777781056;3.607777777777801;2.734000000000145
"2020-07-31T07:58:00+08:00";4.008444444444234;3.5446666666667324;2.5511111111110907
"2020-07-31T07:59:00+08:00";2.365777777777456;3.847111111110817;1.999999999999838
"2020-07-31T08:00:00+08:00";2.9193333333332454;5.128888888889199;2.40799999999974
"2020-07-31T08:01:00+08:00";3.92911111111099;4.158444444444595;2.6053333333334208
"2020-07-31T08:02:00+08:00";2.8893333333332203;3.5653333333331303;2.896666666666805
"2020-07-31T08:03:00+08:00";2.810444444444204;3.4764444444444527;3.062000000000099
"2020-07-31T08:04:00+08:00";3.0624444444443246;3.0473333333328783;4.241999999999965
"2020-07-31T08:05:00+08:00";3.5728888888886376;3.5542222222224766;3.76400000000013
"2020-07-31T08:06:00+08:00";2.2408888888890917;3.4833333333332277;2.812888888888882
"2020-07-31T08:07:00+08:00";2.5531111111114497;3.4464444444445976;2.814666666666635
"2020-07-31T08:08:00+08:00";2.6106666666666887;4.743111111111187;2.4751111111111834
"2020-07-31T08:09:00+08:00";3.153111111110888;3.38866666666631;2.441111111111152
"2020-07-31T08:10:00+08:00";2.574888888888837;4.52577777777778;2.3177777777776902
"2020-07-31T08:11:00+08:00";3.7082222222218406;4.299333333333431;3.1740000000000133
"2020-07-31T08:12:00+08:00";4.627333333333506;4.3306666666665565;3.647111111111225
"2020-07-31T08:13:00+08:00";5.199777777777482;5.180888888888759;4.641111111111077
"2020-07-31T08:14:00+08:00";5.72044444444452;4.635555555555432;4.624888888889119
"2020-07-31T08:15:00+08:00";4.335555555555667;4.281777777777675;3.187111111111115
"2020-07-31T08:16:00+08:00";3.3373333333332167;6.1631111111112515;2.619111111110764
"2020-07-31T08:17:00+08:00";3.422888888889444;4.502222222222196;3.0431111111113376
"2020-07-31T08:18:00+08:00";3.6786666666669188;5.44133333333332;2.9959999999995994
"2020-07-31T08:19:00+08:00";5.0900000000002334;6.1813333333329235;4.477111111111298
"2020-07-31T08:20:00+08:00";4.380444444444406;4.765777777777399;4.3384444444447405
"2020-07-31T08:21:00+08:00";4.361333333333115;4.619111111110979;4.130888888889261
"2020-07-31T08:22:00+08:00";3.483555555555781;3.8442222222221547;4.121111111111208
"2020-07-31T08:23:00+08:00";3.8631111111110177;3.7308888888892398;3.322444444444258
"2020-07-31T08:24:00+08:00";2.716444444444204;3.3535555555562575;3.5935555555553402
"2020-07-31T08:25:00+08:00";2.975777777777888;3.1293333333334434;2.804222222222304
"2020-07-31T08:26:00+08:00";2.0324444444443697;2.6539999999997415;2.6617777777775933
"2020-07-31T08:27:00+08:00";1.903999999999997;2.2332837048068566;2.041333333333313
"2020-07-31T08:28:00+08:00";1.365333333333174;1.7268888888890643;1.6146666666662521
"2020-07-31T08:29:00+08:00";1.0313333333331096;1.35577777777771;1.1613333333333362
"2020-07-31T08:30:00+08:00";0.7133333333335117;0.8891111111111322;0.7679999999997469
"2020-07-31T08:31:00+08:00";0.3391111111109062;0.3911111111113444;0.26422222222230995
"2020-07-31T08:32:00+08:00";0.3568888888889309;0.3957777777775477;0.26822222222228326
"2020-07-31T08:33:00+08:00";0.3402222222225874;0.40022222222197207;0.26511111111115526
"2020-07-31T08:34:00+08:00";0.33955555555569966;0.38111111111131696;0.2784444444446505
"2020-07-31T08:35:00+08:00";0.3435631902930148;0.40066666666655515;0.2742222222225814
"2020-07-31T08:36:00+08:00";0.581111111110949;0.7595555555551987;0.4171111111110402
"2020-07-31T08:37:00+08:00";1.2762222222220259;1.7817777777775416;1.3080000000000631
"2020-07-31T08:38:00+08:00";1.9811111111106787;2.710444444444651;2.2044444444442126
"2020-07-31T08:39:00+08:00";2.337333333333418;3.339333333333255;2.7386666666664903
"2020-07-31T08:40:00+08:00";3.0800000000001075;4.446888888888532;3.8906666666669083
"2020-07-31T08:41:00+08:00";3.692444444444242;3.7580000000003895;4.10133333333299
"2020-07-31T08:42:00+08:00";3.8315555555556053;2.965555555555546;4.692444444444972
"2020-07-31T08:43:00+08:00";3.617777777777794;3.4164444444444833;6.339111111110976
"2020-07-31T08:44:00+08:00";5.110629529629965;5.116666666666245;5.944888888889134
"2020-07-31T08:45:00+08:00";5.449111111110822;4.264444444444076;4.983333333333219
"2020-07-31T08:46:00+08:00";4.212444444443835;6.158666666666757;5.408444444443903
"2020-07-31T08:47:00+08:00";5.596444444444318;4.317777777777541;4.235555555555414
"2020-07-31T08:48:00+08:00";3.1535555555555033;4.951999999999622;3.4164444444446707
"2020-07-31T08:49:00+08:00";2.9377777777778276;5.845555555555126;2.6733333333331304
"2020-07-31T08:50:00+08:00";3.986000000000185;4.990666666667052;3.6355555555557535
"2020-07-31T08:51:00+08:00";3.5860000000002334;3.5633333333329635;2.780666666666523
"2020-07-31T08:52:00+08:00";3.192888888888837;3.074444444444037;2.1517777777777125
"2020-07-31T08:53:00+08:00";2.6335555555555086;3.723777777778243;1.874666666667015
"2020-07-31T08:54:00+08:00";3.47488888888934;4.439555555555692;2.6553333333335765
"2020-07-31T08:55:00+08:00";3.350666666666743;3.468666666666486;2.6097777777775875
"2020-07-31T08:56:00+08:00";4.189555555555572;3.595555555555406;2.9068888888887963
"2020-07-31T08:57:00+08:00";3.751777777777874;3.45133333333342;2.731999999999907
"2020-07-31T08:58:00+08:00";3.681333333333217;3.342666666666734;2.9177777777775264
"2020-07-31T08:59:00+08:00";2.168222222222093;3.704888888888721;2.0311111111111613
"2020-07-31T09:00:00+08:00";2.959333333333462;4.804444444444608;2.528888888888921
"2020-07-31T09:01:00+08:00";3.219333333333325;3.0982222222219264;2.6984444444445943
"2020-07-31T09:02:00+08:00";3.4026666666668497;4.062222222222369;2.778000000000351
"2020-07-31T09:03:00+08:00";2.626000000000025;2.9833333333334946;2.6942222222222716
"2020-07-31T09:04:00+08:00";3.435555555555938;4.006444444444395;3.498444444444354
"2020-07-31T09:05:00+08:00";3.641999999999654;3.6384444444443296;3.526444444444504
"2020-07-31T09:06:00+08:00";3.032222222222464;3.9113333333331646;3.864222222222276
"2020-07-31T09:07:00+08:00";4.215111111110909;3.462888888889089;3.1257777777777047
"2020-07-31T09:08:00+08:00";2.899111111111397;3.9302222222221;3.626888888888804
"2020-07-31T09:09:00+08:00";3.934888888888824;3.5928888888887816;3.4217777777776854
"2020-07-31T09:10:00+08:00";2.8144444444443786;3.821777777777844;3.560222222222069
"2020-07-31T09:11:00+08:00";3.7726666666667783;3.497555555555455;3.35199999999999
"2020-07-31T09:12:00+08:00";4.243333333333466;4.092444444444539;3.6931111111112034
"2020-07-31T09:13:00+08:00";4.46377777777754;4.92533333333311;5.796444444445194
"2020-07-31T09:14:00+08:00";5.814666666666708;4.3117777777779835;3.4248888888887534
"2020-07-31T09:15:00+08:00";4.487777777777748;4.298000000000494;6.302444444444414
"2020-07-31T09:16:00+08:00";6.348888888888849;4.70644444444441;3.9126666666664365
"2020-07-31T09:17:00+08:00";5.373777777777945;4.609555555555451;6.403555555555516
"2020-07-31T09:18:00+08:00";4.349777777777547;5.649777777777681;3.6153333333331106
"2020-07-31T09:19:00+08:00";5.150888888889325;3.711333333333317;4.815333333333433
"2020-07-31T09:20:00+08:00";3.322888888889052;3.774888888888869;4.870444444444732
"2020-07-31T09:21:00+08:00";4.411555555555563;3.659555555555637;4.827333333333338
"2020-07-31T09:22:00+08:00";2.9004444444447155;4.275999999999905;3.1404444444446677
"2020-07-31T09:23:00+08:00";3.5935555555554086;3.9877777777782777;3.491555555555616
"2020-07-31T09:24:00+08:00";2.96111111111108;2.888666666666762;3.5402222222223445
"2020-07-31T09:25:00+08:00";2.4333333333331244;3.376888888888827;2.4513333333335634
"2020-07-31T09:26:00+08:00";2.1988888888890674;2.1744444444438993;2.5213333333330916
"2020-07-31T09:27:00+08:00";1.8248888888889272;2.5000000000002807;1.9686666666668071
"2020-07-31T09:28:00+08:00";1.4855555555553992;1.6959999999996473;1.659555555555655
"2020-07-31T09:29:00+08:00";1.0762222222223674;1.3455555555558245;1.2255555555553823
"2020-07-31T09:30:00+08:00";0.7271111111110192;0.9173333333334357;0.7282222222222452
"2020-07-31T09:31:00+08:00";0.35555555555518903;0.3924444444445854;0.27377777777764317
"2020-07-31T09:32:00+08:00";0.3395555555553461;0.4053333333331169;0.2695555555559265
"2020-07-31T09:33:00+08:00";0.35377777777763064;0.39222222222188313;0.2757777777777656